{
	"MagneticFieldStrength": 3,
	"TotalReadoutTime": 0.042735,
	"PhaseEncodingDirection":"j-",
	"ParallelReductionFactorInPlane": 1.5,
	"RepetitionTime": 2.82694,
    "SliceTiming": [
        0.0,
        0.06424,
        0.12848,
        0.19272,
        0.25696,
        0.3212,
        0.38544,
        0.44968,
        0.51392,
        0.57816,
        0.6424,
        0.70664,
        0.77088,
        0.83512,
        0.89936,
        0.9636,
        1.02784,
        1.09208,
        1.15632,
        1.22056,
        1.2848,
        1.34904,
        1.41328,
        1.47752,
        1.54176,
        1.606,
        1.67024,
        1.73448,
        1.79872,
        1.86296,
        1.9272,
        1.99144,
        2.05568,
        2.11992,
        2.18416,
        2.2484,
        2.31264,
        2.37688,
        2.44112,
        2.50536,
        2.5696,
        2.63384,
        2.69808,
        2.76232
    ],
    "EffectiveEchoSpacing": 0.0006783333333333334,
    "TaskName":"Numerosity comparison task"
}